<?xml version="1.0" encoding="UTF-8"?>
<beans xmlns="http://www.springframework.org/schema/beans"
	xmlns:xsi="http://www.w3.org/2001/XMLSchema-instance" xmlns:p="http://www.springframework.org/schema/p"
	 xmlns:aop="http://www.springframework.org/schema/aop" 
	xmlns:cache="http://www.springframework.org/schema/cache"
	xmlns:context="http://www.springframework.org/schema/context" 
	xsi:schemaLocation="http://www.springframework.org/schema/beans 
	http://www.springframework.org/schema/beans/spring-beans-3.0.xsd 
	http://www.springframework.org/schema/context 
	http://www.springframework.org/schema/context/spring-context-3.0.xsd
	http://www.springframework.org/schema/aop 
	http://www.springframework.org/schema/aop/spring-aop-3.0.xsd
	http://www.springframework.org/schema/cache   
    http://www.springframework.org/schema/cache/spring-cache.xsd "> 
      
	 
	<context:property-placeholder
		ignore-unresolvable="false" ignore-resource-not-found="false"
		location="classpath:/com/code/generator/codehelper-jdbc.properties" />
	  
	<bean id="dataSource" class="com.alibaba.druid.pool.DruidDataSource" init-method="init" destroy-method="close">
        <!-- 基本属性 url、user、password -->
        <!--property name="url" value="jdbc:mysql://daibangdb001.mysql.rds.aliyuncs.com:3306/engine?autoReconnect=true&amp;characterEncoding=UTF-8" />
        <property name="username" value="cloud_engine" />
        <property name="password" value="engine2014" /-->
        <property name="url" value="jdbc:mysql://cp-dev.ymt.io:3306/etp" />
        <property name="username" value="etp" />
        <property name="password" value="etp-dev" />
        <property name="defaultAutoCommit" value="false"/>
        <!-- 配置初始化大小、最小、最大 -->
        <property name="initialSize" value="1" />
        <property name="minIdle" value="1" />
        <property name="maxActive" value="20" />

        <!-- 配置获取连接等待超时的时间 -->
        <property name="maxWait" value="60000" />

        <!-- 配置间隔多久才进行一次检测，检测需要关闭的空闲连接，单位是毫秒 -->
        <property name="timeBetweenEvictionRunsMillis" value="60000" />

        <!-- 配置一个连接在池中最小生存的时间，单位是毫秒 -->
        <property name="minEvictableIdleTimeMillis" value="300000" />

        <property name="validationQuery" value="SELECT 'x'" />
        <property name="testWhileIdle" value="true" />
        <property name="testOnBorrow" value="false" />
        <property name="testOnReturn" value="false" />

        <!-- 打开PSCache，并且指定每个连接上PSCache的大小 -->
        <property name="poolPreparedStatements" value="true" />
        <property name="maxPoolPreparedStatementPerConnectionSize" value="20" />

        <!-- 配置监控统计拦截的filters -->
        <property name="filters" value="stat" />
    </bean>
	
	

	<!-- MyBatis配置 -->
	<bean id="sqlSessionFactory" class="org.mybatis.spring.SqlSessionFactoryBean">
		<property name="dataSource" ref="dataSource" />
		<!-- 自动扫描entity目录, 省掉Configuration.xml里的手工配置 -->
		<!--  <property name="typeAliasesPackage" value="com.wehome.model" />  --> 
		<!-- 指定sqlMapConfig总配置文件，订制的environment在spring容器中不在生效 -->
		<property name="configLocation" value="com/code/generator/sqlMapConfig.xml" />
		 
	</bean>
	
	<bean id="information_schemaSqlsession" class="org.mybatis.spring.SqlSessionTemplate" scope="prototype"  >
		<constructor-arg index="0" ref="sqlSessionFactory" />
	</bean> 
</beans>